REF_ID,author,year,journal,pages,DOI,reference
Addison_1996_ees_p56-61,Addison,1996,ees,p56-61,10.1006/eesa.1996.0006,"Addison, J. A. 1996. Safety testing of tebufenozide, a new molt-inducing insecticide, for effects on nontarget forest soil invertebrates. Ecotoxicology and Environmental Safety 33:55-61."
Almaro_1983_PhD_p56,Almaro,1983,PhD,p56,na,"Almaro, A. P. 1983. Effecto de la temperatura sobre el crecimiento, consumo de tierra y fecundidad de la lombriz de tierra Pontoscolex corethrurus Müller, 1857 (Oligoqueto Glossoscolecidae). Escuela Nacional de Estudios Profesionales, Los Reyes Iztacala."
Amoji_1999_jeb_p207-212,Amoji,1999,jeb,p207-212,na,"Amoji, S. D., V. A. Biradar, U. M. Shagoti, and P. M. Biradar. 1999. Influence of regulated temperature on growth and reproduction of the epigeic earthworm, Perionyx excavatus. Journal of Environmental Biology 20:207-212."
Amoji_2000_jeb_p59-63,Amoji,2000,jeb,p59-63,na,"Amoji, S. D., M. B. Pulikeshi, U. M. Shagoti, and V. A. Biradar. 2000. Influence of seasonal environmental factors on growth and reproduction of the epigeic earthworm, Eisenia fetida (Savigny 1826). Journal of Environmental Biology 21:59-63."
Anderson_2013_ep_p200-207,Anderson,2013,ep,p200-207,10.1016/j.envpol.2012.09.005,"Anderson, C. J., P. Kille, A. J. Lawlor, and D. J. Spurgeon. 2013. Life-history effects of arsenic toxicity in clades of the earthworm Lumbricus rubellus. Environmental Pollution 172:200-207."
Barois_1994_report_p35-67,Barois,1994,report,p35-67,na,"Barois, I., P. Lavelle, and K. Kajondo. 1994. Adaptive strategies and short-term effects of selected earthworm species."
Basha_2016_ecot_p802-813,Basha,2016,ecot,p802-813,10.1007/s10646-016-1637-7,"Basha, P. M. and V. Latha. 2016. Evaluation of sublethal toxicity of zinc and chromium in Eudrilus eugeniae using biochemical and reproductive parameters. Ecotoxicology 25:802-813."
Berry_2001_sbb_p133-136,Berry,2001,sbb,p133-136,10.1016/s0038-0717(00)00112-7,"Berry, E. C. and D. Jordan. 2001. Temperature and soil moisture content effects on the growth of Lumbricus terrestris (Oligochaeta: Lumbricidae) under laboratory conditions. Soil Biology & Biochemistry 33:133-136."
Bindesbol_2007_ase_p45-56,Bindesbol,2007,ase,p45-56,10.1016/j.apsoil.2006.05.010,"Bindesbøl, A., M. D. Bayley, C., and M. Holmstrup. 2007. Life-history traits and population growth rate in the laboratory of the earthworm Dendrobaena octaedra cultured in copper-contaminated soil. Applied Soil Ecology 35:46-56."
Bisht_2007_te_p107-114,Bisht,2007,te,p107-114,na,"Bisht, R., H. Pandey, D. Bharti, S. P. S. Bisht, and B. R. Kaushal. 2007. Reproductive potential of the earthworm Metaphire posthuma (Oligochaeta) in different food substrates. Tropical Ecology 48:107-114."
Blanchart_1999_in_emta_p300,Blanchart,1999,in_emta,p300,na,"Lavelle, P., L. Brussard, and P. Hendrix. 1999. Earthworm management in tropical agroecosystems. CABI Publishing, Wallingford."
Bostrom_1986_pedo_p32-42,Bostrom,1986,pedo,p32-42,na,"Boström, U. and A. Lofs-Holmin. 1986. Growth of earthworms (Allolobophora caliginosa) fed shoots and roots of barley, meadow fescue and luzerne. Studies in relation to particules size, protein, crude fiber content and toxicity. Pedobiologia 29:1-12."
Bostrom_1987_pedo_p311-322,Bostrom,1987,pedo,p311-322,na,"Boström, U. 1987. Growth of earthworms (Allolobophora caliginosa) in soil mixed with either barley, lucerne or meadow fescue at various stages of decomposition. Pedobiologia 30:311-321."
Bouwman_1991_bfs_p285-289,Bouwman,1991,bfs,p285-289,10.1007/bf00337380,"Bouwman, H. and A. J. Reinecke. 1991. A defined medium for the study of growth and reproduction of the earthworm Eisenia fetida (Oligochaeta). Biology and Fertility of Soils 10:285-289."
Bouwman_1998_bfs_p368-373,Bouwman,1998,bfs,p368-373,10.1007/s003740050445,"Bouwman, H. 1998. Evaluation of a technique to obtain development-stage-synchronised earthworms (Eisenia fetida). Biology and Fertility of Soils 27:368:373."
Brunninger_1994_bfs_p83-88,Brunninger,1994,bfs,p83-88,10.1007/bf00336450,"Brunninger, B., R. Viswanathan, and F. Beese. 1994. Terbuthylazine and carbofuran effects on growth and reproduction within three generations of Eisenia andrei (Oligochaeta). Biology and Fertility of Soils 18:83-88."
Buch_2011_pedo_ps19-s25,Buch,2011,pedo,ps19-s25,10.1016/j.pedobi.2011.07.007,"Buch, A. C., G. G. Brown, C. C. Niva, K. D. Sautter , and L. F. Lourençato. 2011. Life cycle of Ponstoscolex coerthurus (Müller, 1857) in tropical artificial soil. Pedobiologia 54:s19-s25."
Butt_1990_PhD_p141,Butt,1990,PhD,p141,na,"Butt, K. R. 1990. An investigation into the growth and reproduction of the earthworm Lumbricus terrestris L. under controlled environmental conditions. Open University."
Butt_1991_pedo_p257-264,Butt,1991,pedo,p257-264,na,"Butt, K. R. 1991. The effects of temperature on the intensive production of Lumbricus terrestris (Oligochaeta: Lumbricidae). Pedobiologia 35:257-264."
Butt_1992_sbb_p1321-1325,Butt,1992,sbb,p1321-1325,10.1016/0038-0717(92)90112-b,"Butt, K. R., J. Frederickson, and R. M. Morris. 1992. The intensive production of Lumbricus terrestris L. for soil amelioration. Soil Biology & Biochemistry 24:1321-1325."
Butt_1993_bfs_p135-138,Butt,1993,bfs,p135-138,na,"Butt, K. R. 1993. Reproduction and growth of three deep-burrowing earthworms (Lumbricidae) in laboratory culture in order to assess production for soil restoration. Biology and Fertility of Soils 16:135-138."
Butt_1993_bt_p105-107,Butt,1993,bt,p105-107,10.1016/0960-8524(93)90182-b,"Butt, K. R. 1993. Utilisation of solid paper-mill sludge and spent brewery yeast as feed for soil-dwelling earthworms. Bioresource Technology 44:105-107."
Butt_1994_ejsb_p49-54,Butt,1994,ejsb,p49-54,na,"Butt, K. R., J. Frederickson, and R. M. Morris. 1994. The life-cycle of the earthworm Lumbricus terrestris L. (Oligochaeta : Lumbricidae) in laboratory culture. European Journal of Soil Biology 30:49-54."
Butt_1994_pedo_p254-261,Butt,1994,pedo,p254-261,na,"Butt, K. R., J. Frederickson, and R. M. Morris. 1994. Effects of earthworm density on the growth and reproduction of Lumbricus terrestris L. (Oligochaeta: Lumbricidae) in culture. Pedobiologia 38:254-261."
Butt_1997_pedo_p369-374,Butt,1997,pedo,p369-374,na,"Butt, K. R. 1997. Reproduction and growth of the earthworm Allolobophora chlorotica (Savigny, 1826) in controlled environments. Pedobiologia 41:369-374."
Butt_1998_ase_p75-79,Butt,1998,ase,p75-79,10.1016/s0929-1393(98)00057-2,"Butt, K. R. 1998. Interactions between selected earthworm species: a preliminary, laboratory-based study. Applied Soil Ecology 9:75-79."
Butt_2011_pedo_ps27-s29,Butt,2011,pedo,ps27-s29,10.1016/j.pedobi.2011.08.003,"Butt, K. R. and M. J. I. Briones. 2011. Life cycle studies of the earthworm Lumbricus friendi (Cognetti, 1904). Pedobiologia 54, Supplement:S27-S29."
Butt_2011_sbb_p2169-2175,Butt,2011,sbb,p2169-2175,10.1016/j.soilbio.2011.06.021,"Butt, K. R. 2011. Food quality affects production of Lumbricus terrestris (L.) under controlled environmental conditions. Soil Biology & Biochemistry 43:2169-2175."
Chauhan_2013_ijrowa_p11,Chauhan,2013,ijrowa,p11,10.1186/2251-7715-2-11,"Chauhan, H. K. and K. Singh. 2013. Effect of tertiary combinations of animal dung with agrowastes on the growth and development of earthworm Eisenia fetida during organic waste management. International Journal of Recycling of Organic Waste in Agriculture 2:11."
Cluzeau_1989_rebs_p111-121,Cluzeau,1989,rebs,p111-121,na,"Cluzeau, D. and L. Fayolle. 1989. Croissance et fécondité de Dendrobaena rubida tenuis (Eisen, 1874), Eisenia andrei (Bouché, 1972) et lumbricus rubellus rubellus (Hoffmeister, 1843) (Oligochaeta, Lumbricidae) en élevage contrôlé. Revue d'écologie et de biologie du sol 26:111-121."
Cluzeau_1992_PhD_p182,Cluzeau,1992,PhD,p182,na,"Cluzeau, D. 1992. Structure et dynamique des peuplements lombriciens dans des systèmes tempérés anthropisés. Université de Rennes, Rennes, France."
Cluzeau_1992_sbb_p1309-1315,Cluzeau,1992,sbb,p1309-1315,10.1016/0038-0717(92)90110-j,"Cluzeau, D., L. Fayolle, and M. Hubert. 1992. The adaptation value of reproductive strategy and mode in three epigeous earthworm species. Soil Biology & Biochemistry 24:1309-1315."
Coulibaly_2010_ejsb_p225-229,Coulibaly,2010,ejsb,p225-229,10.1016/j.ejsobi.2010.03.004,"Coulibaly, S. S. and I. A. Zoro Bi. 2010. Influence of animal wastes on growth and reproduction of the African earthworm species Eudrilus eugeniae (Oligochaeta). European Journal of Soil Biology 46:225-229."
Curry_1987_bfs_p95-98,Curry,1987,bfs,p95-98,10.1007/bf00260586,"Curry, J. P. and K. E. Boyle. 1987. Growth rates, establishment, and effects on herbage yield of introduced earthworms in grassland on reclaimed cutover peat. Biology and Fertility of Soils 3:95-98."
Daniel_1996_sbb_p1325-1240,Daniel,1996,sbb,p1325-1240,10.1016/0038-0717(96)00121-6,"Daniel, O., L. Kohli, and M. Bieri. 1996. Weight gain and weight loss of the earthworm Lumbricus terrestris L. at different temperatures and body weights. Soil Biology & Biochemistry 28:1235-1240."
Di.Masso_1997_mega_p105-112,Di.Masso,1997,mega,p105-112,na,"Di Masso, R. J., L. B. Marc, and N. R. Biasatti. 1997. Earthworm [eisenia foetida (Savigny)] growth in coypu and other animal faeces as nutritional substrata. Megadrilogica 6:105-112."
Dominguez_1997_pedo_p566-576,Dominguez,1997,pedo,p566-576,na,"Dominguez, J., M. J. I. Briones, and S. Mato. 1997. Effect of the diet on growth and reproduction of Eisenia andrei (Oligochaeta, Lumbricideae). Pedobiologia 41:566-576."
Dominguez_1997_sbb_p743-746,Dominguez,1997,sbb,p743-746,10.1016/s0038-0717(96)00276-3,"Dominguez, J. and C. A. Edwards. 1997. Effects of stocking rate and moisture content on the growth and maturation of Eisenia andrei (Oligochaeta) in pig manure. Soil Biology & Biochemistry 29:743-746."
Dominguez_2000_pedo_p24-32,Dominguez,2000,pedo,p24-32,10.1078/s0031-4056(04)70025-6,"Domínguez, J., C. A. Edwards, and M. Webster. 2000. Vermicomposting of sewage sludge: Effect of bulking materials on the growth and reproduction of the earthworm Eisenia andrei. Pedobiologia 44:24-32."
Dominguez_2001_pedo_p341-353,Dominguez,2001,pedo,p341-353,10.1078/0031-4056-00091,"Dominguez, J., C. A. Edwards, and J. Dominguez. 2001. The biology and population dynamics of Eudrilus eugeniae (Kinberg) (Oligochaeta) in cattle waste solids. Pedobiologia 45:341-353."
Edwards_1988_in_ewem_p21-31,Edwards,1988,in_ewem,p21-31,na,"Edwards, C. A. 1988. Breakdown of animal, vegetable and industrial organic wastes by earthworms. Pages 21-31 in C. A. Edwards, editor. Earthworsm in waste and environmental management. SPB Academic Publishing, The Hague, The Netherlands."
Elvira_1996_ase_p97-103,Elvira,1996,ase,p97-103,10.1016/s0929-1393(96)00120-5,"Elvira, C., J. Dominguez, and S. Mato. 1996. The growth and reproduction of Lumbricus rubellus and Dendrobaena rubida in cow manure Mixed cultures with Eisenia andrei. Applied Soil Ecology 5:97-103."
Fayolle_1997_sbb_p747-750,Fayolle,1997,sbb,p747-750,10.1016/s0038-0717(96)00023-5,"Fayolle, L., H. Michaud, D. Cluzeau, and J. Stawiecki. 1997. Influence of temperature and food source on the life cycle of the earthworm Dendrobaena veneta (Oligochaeta). Soil Biology & Biochemistry 29:747-750."
Fernandez_2010_pedo_p295-299,Fernandez,2010,pedo,p295-299,10.1016/j.pedobi.2010.01.003,"Fernandez, R., M. Novo, M. Gutiérrez, and D. J. D. Cosin. 2010. Life cycle and reproductive traits of the earthworm Aporrectodea trapezoides (Dugès, 1828) in laboratory cultures Pedobiologia 53:295-299."
Fernandez.Gomez_2011_jhm_p1886-1889,Fernandez.Gomez,2011,jhm,p1886-1889,10.1016/j.jhazmat.2011.06.077,"Fernandez-Gomez, M. J., E. Romero, and R. Nogales. 2011. Impact of imidacloprid residues on the development of Eisenia fetida during vermicomposting of greenhouse plant waste. J Hazard Mater 192:1886-1889."
Fischer_1997_sbb_p667-670,Fischer,1997,sbb,p667-670,10.1016/s0038-0717(96)00193-9,"Fischer, E. and L. Molnar. 1997. Growth and reproduction of Eisenia fetida (Oligochaeta, Lumbricidae) in semi-natural soil containing various metal chlorides. Soil Biology & Biochemistry 29:667-670."
Fisker_2011_ecot_p563-573,Fisker,2011,ecot,p563-573,10.1007/s10646-011-0610-8,"Fisker, K., J. Sørensen, C. Damgaard, K. Pedersen, and M. Holmstrup. 2011. Genetic adaptation of earthworms to copper pollution: is adaptation associated with fitness costs in Dendrobaena octaedra? Ecotoxicology 20:563-573."
Flack_1984_sbb_p491-495,Flack,1984,sbb,p491-495,10.1016/0038-0717(84)90057-9,"Flack, F. M. and R. Hartenstein. 1984. Growth of the earthworm Eisenia foetida on microorganisms and cellulose. Soil Biology & Biochemistry 16:491-495."
Frenot_1992_sbb_p1433-1439,Frenot,1992,sbb,p1433-1439,10.1016/0038-0717(92)90129-l,"Frenot, Y. 1992. Introduced populations of Dendrodrilus rubidus ssp. (Oligochaeta : Lumbicidae) at Crozet, Kerguelen and Amsterdam islands : effects of temperature on growth patterns during the juvenile stages. Soil Biology & Biochemistry 24:1433-1439."
Garcia_1999_pedo_p267-275,Garcia,1999,pedo,p267-275,na,"Garcia, M. G., F. Mariño, and S. Mato. 1999. Effect of the diet on growth and reproduction of Eisenia andrei (Oligochaeta, Lumbricidae) reared in individual cultures. Pedobiologia 43:267-275."
Garcia_2002_ase_p43-56,Garcia,2002,ase,p43-56,10.1016/s0929-1393(02)00009-4,"Garcia, J. A. and C. Fragoso. 2002. Growth, reproduction and activity of earthworms in degraded tropical open mined soils: laboratory essays. Applied Soil Ecology 20:43-56."
Garcia_2003_pedo_p754-763,Garcia,2003,pedo,p754-763,10.1016/s0031-4056(04)70264-4,"García, J. A. and C. Fragoso. 2003. Influence of different food substrates on growth and reproduction of two tropical earthworm species (Pontoscolex corethrurus and Amynthas corticis): The 7th international symposium on earthworm ecology · Cardiff · Wales · 2002. Pedobiologia 47:754-763."
Garcia.Perez_2016_ase_p31-41,Garcia.Perez,2016,ase,p31-41,10.1016/j.apsoil.2016.03.007,"García-Pérez, J. A., E. Alarcón, Y. Hernández, and C. Hernández. 2016. Impact of litter contaminated with glyphosate-based herbicide on the performance of Pontoscolex corethrurus, soil phosphatase activities and soil pH. Applied Soil Ecology 104:31-41."
Garg_2005_aeer_p51-59,Garg,2005,aeer,p51-59,10.15666/aeer/0302_051059,"Garg, V. K., S. Chand, A. Chhillar, and A. Yadav. 2005. Growth and reproduction of Eisenia foetida in various animal wastes during vermicomposting. Applied Ecology and Environmental Research 3:51-59."
Garg_2008_envir_p483-488,Garg,2008,envir,p483-488,10.1007/s10669-008-9173-5,"Garg, V. K., P. Kaushik, and Y. K. Yadav. 2008. Effect of stocking density and food quality on the growth and fecundity of an epigeic earthworm (Eisenia fetida) during vermicomposting. Environmentalist 28:483-488."
Gerard_1960_PhD_p283,Gerard,1960,PhD,p283,na,"Gerard, B. M. 1960. The biology of certain British earthworms in relation to environmental conditions. University of London, London."
Gilot_1994_ejsb_p125-131,Gilot,1994,ejsb,p125-131,na,"Gilot-Villenave, C. 1994. Determination of the origin of the different growing abilities of two populations of Millsonia anomala (Omodeo and Vaillaud), a tropical geophageous earthworm. European Journal of Soil Biology 39:125-131."
Grumiaux_2007_ejsb_ps256-s260,Grumiaux,2007,ejsb,ps256-s260,10.1016/j.ejsobi.2007.08.038,"Grumiaux, F., S. Demuynck, D. Schikorski, S. Lemière, F. Vandenbulcke, and A. Leprêtre. 2007. Effect of fluidized bed combustion ashes used in metal polluted soil remediation on life history traits of the oligochaeta Eisenia andrei. European Journal of Soil Biology 43:S256-S260."
Grumiaux_2010_chem_p156-161,Grumiaux,2010,chem,p156-161,10.1016/j.chemosphere.2010.01.018,"Grumiaux, F., S. Demuynck, D. Schikorski, S. Lemière, and A. Leprêtre. 2010. Assessing the effects of FBC ash treatments of metal-contaminated soils using life history traits and metal bioaccumulation analysis of the earthworm Eisenia andrei. Chemosphere 79:156-161."
Gunadi_2002_pedo_p15-23,Gunadi,2002,pedo,p15-23,10.1078/0031-4056-00109,"Gunadi, B., C. Blount, and C. A. Edwards. 2002. The growth and fecundity of Eisenia fetida (Savigny) in cattle solids pre-composted for different periods. Pedobiologia 46:15-23."
Gunadi_2003_ejsb_p19-24,Gunadi,2003,ejsb,p19-24,10.1016/s1164-5563(02)00005-5,"Gunadi, B., C. A. Edwards, and C. Blount. 2003. The influence of different moisture levels on the growth, fecundity and survival of Eisenia fetida (Savigny) in cattle and pig manure solids. European Journal of Soil Biology 39:19-24."
Gunadi_2003_pedo_p321-329,Gunadi,2003,pedo,p321-329,10.1078/0031-4056-00196,"Gunadi, B. and C. A. Edwards. 2003. The effects of multiple applications of different organic wastes on the growth, fecundity and survival of Eisenia fetida (Savigny) (Lumbricidae). Pedobiologia 47:321-329."
Hallat_1992_sbb_p1333-1340,Hallat,1992,sbb,p1333-1340,10.1016/0038-0717(92)90114-d,"Hallatt, L., S. A. Viljoen, and A. J. Reinecke. 1992. Moisture requirements in the life cycle of Perionyx excavatus (Oligochaeta). Soil Biology & Biochemistry 24:1333-1340."
Hamoui_1991_rebs_p469-478,Hamoui,1991,rebs,p469-478,na,"Hamoui, V. 1991. Life-cycle and growth of Pontoscolex corethrurus (Müller, 1857) (Oligochaeta, Glossoscolecidae) in the laboratory. Revue d'écologie et de biologie du sol 1991:469-478."
Helling_2000_ees_p108-116,Helling,2000,ees,p108-116,10.1006/eesa.1999.1880,"Helling, B., S. A. Reinecke, and A. J. Reinecke. 2000. Effects of the Fungicide Copper Oxychloride on the Growth and Reproduction of Eisenia fetida (Oligochaeta). Ecotoxicology and Environmental Safety 46:108-116."
Jesikha_2013_ijsrp_p1-4,Jesikha,2013,ijsrp,p1-4,na,"Jeshika, M. and M. Lekeshmanaswamy. 2013. Effect of Pongamia Leaf Medium on Growth of Earthworm (Eudrilus eugeniae). International Journal of Scientific and Research Publications 3:1-4."
Kaplan_1980_sbb_p347-352,Kaplan,1980,sbb,p347-352,10.1016/0038-0717(80)90008-5,"Kaplan, D. L., R. Hartenstein, E. F. Neuhauser, and M. R. Malecki. 1980. Physicochemical requirements in the environment of the earthworm Eisenia foetida. Soil Biology & Biochemistry 12:347-352."
Karmegam_2009_bt_p4790-4796,Karmegam,2009,bt,p4790-4796,10.1016/j.biortech.2009.05.004,"Karmegam, N. and T. Daniel. 2009. Growth, reproductive biology and life cycle of the vermicomposting earthworm, Perionyx ceylanensis Mich. (Oligochaeta: Megascolecidae). Bioresource Technology 100:4790-4796."
Kaushal_1992_bfs_p205-212,Kaushal,1992,bfs,p205-212,10.1007/bf00346062,"Kaushal, B. R. and S. P. S. Bisht. 1992. Growth and cocoon production of Drawidia nepalensis (Oligochaeta). Biology and Fertility of Soils 14:205-212."
Kaushal_1995_pedo_p417-422,Kaushal,1995,pedo,p417-422,na,"Kaushal, B. R., S. Kalia, and S. P. S. Bisht. 1995. Growth and cocoon production by the earthworm Drawida nepalensis (Oligochaeta: Moniligastridae) in oak and pine litter. Pedobiologia 39:417-422."
Kaushal_1999_bfs_p394-400,Kaushal,1999,bfs,p394-400,10.1007/s003740050570,"Kaushal, B. R. and B. Kandpal. 1999. Growth and cocoon production by the earthworm Metaphire houletti (Oligochaeta) in different food sources. Biology and Fertility of Soils 29:394-400."
Klok_1997_sbb_p287-293,Klok,1997,sbb,p287-293,10.1016/s0038-0717(96)00050-8,"Klok, C., A. M. de Roos, J. C. Y. Marinissen, H. M. Baveco, and W.-C. Ma. 1997. Assessing the effects of abiotic environmental stress on population growth in Lumbricus rubellus (lubricidae, oligochaeta). Soil Biology & Biochemistry 29:287-293."
Klok_2007_bfs_p549-556,Klok,2007,bfs,p549-556,10.1007/s00374-006-0135-0,"Klok, C., J. Faber, G. Heijmans, J. Bodt, and A. Van der Hout. 2007. Influence of clay content and acidity of soil on development of the earthworm Lumbricus rubellus and its population level consequences. Biology and Fertility of Soils 43:549-556."
Klok_2007_sbb_p2401-2407,Klok,2007,sbb,p2401-2407,10.1016/j.soilbio.2007.04.016,"Klok, C. 2007. Effects of earthworm density on growth, development, and reproduction in Lumbricus rubellus (Hoffm.) and possible consequences for the intrinsic rate of population increase. Soil Biology & Biochemistry 39:2401-2407."
Kostecka_2001_ejsb_p255-258,Kostecka,2001,ejsb,p255-258,10.1016/s1164-5563(01)01093-7,"Kostecka, J. and K. R. Butt. 2001. Ecology of the earthworm Allolobophora carpathica in field and laboratory studies. European Journal of Soil Biology 37:255-258."
Lavelle_1978_PhD_p301,Lavelle,1978,PhD,p301,na,"Lavelle, P. 1978. Les vers de terre de la savane de Lamto (Côte d'Ivoire). Peuplements, populations et fonctions dans l'écosystème. Paris 6."
Lofs.Holmin_1982_sjar_p31-37,Lofs.Holmin,1982,sjar,p31-37,na,"Lofs-Holmin, A. 1982. Reproduction and Growth of Common Arable Land and Pasture Species of Earthworms (Lumbricidae) in Laboratory Cultures. Swedish Journal of Agricultural Research 13:31-37."
Lofs.Holmin_1980_sjar_p25-33,Lofs.Holmin,1980,sjar,p25-33,na,"Lofs-Holmin, A. 1980. Measuring Growth of Earthworms as a Method of Testing Sublethal Toxicity of Pesticides. Swedish Journal of Agricultural Research 10:25-33."
Lowe_1999_pedo_p808-817,Lowe,1999,pedo,p808-817,na,"Lowe, C. N. and K. R. Butt. 1999. Interspecific interactions between earthworms: A laboratory-based investigation. Pedobiologia 43:808-817."
Lowe_2002_bfs_p204-209,Lowe,2002,bfs,p204-209,10.1007/s00374-002-0471-7,"Lowe, C. N. and K. R. Butt. 2002. Growth of hatchling earthworms in the presence of adults: interactions in laboratory culture. Biology and Fertility of Soils 35:204-209."
Lowe_2002_ejsb_p173-176,Lowe,2002,ejsb,p173-176,10.1016/s1164-5563(02)01141-x,"Lowe, C. N. and K. R. Butt. 2002. Influence of organic matter on earthworm production and behaviour: a laboratory-based approach with applications for soil restoration. European Journal of Soil Biology 38:173-176."
Lowe_2003_pedo_p574-577,Lowe,2003,pedo,p574-577,10.1078/0031-4056-00231,"Lowe, C. N. and C. M. Bull. 2003. Influence of food particle size on inter- and intra-specific interactions of Allolobophora chlorotica (Savigny) and Lumbricus terrestris. Pedobiologia 47:574-577."
Lowe_2007_bfs_p495-499,Lowe,2007,bfs,p495-499,10.1007/s00374-006-0154-x,"Lowe, C. and K. Butt. 2007. Life-cycle traits of the dimorphic earthworm species Allolobophora chlorotica (Savigny, 1826) under controlled laboratory conditions. Biology and Fertility of Soils 43:495-499."
Lowe_2008_ejsb_p541-544,Lowe,2008,ejsb,p541-544,10.1016/j.ejsobi.2008.08.002,"Lowe, C. N. and K. R. Butt. 2008. Life cycle traits of the parthenogenetic earthworm Octolasion cyaneum (Savigny, 1826). European Journal of Soil Biology 44:541-544."
Maboeta_1999_bfs_p113-116,Maboeta,1999,bfs,p113-116,10.1007/s003740050596,"Maboeta, M. S., A. J. Reinecke, and S. A. Reinecke. 1999. The effects of low lead levels on the growth and reproduction of the African earthworm Eudrilus eugeniae (Oligochaeta). Biology and Fertility of Soils 30:113-116."
Maboeta_1999_ees_p236-240,Maboeta,1999,ees,p236-240,10.1006/eesa.1999.1797,"Maboeta, M. S., A. J. Reinecke, and S. A. Reinecke. 1999. Effects of Low Levels of Lead on Growth and Reproduction of the Asian Earthworm Perionyx excavatus (Oligochaeta). Ecotoxicology and Environmental Safety 44:236-240."
Manaf_2009_ijb_p81-91,Manaf,2009,ijb,p81-91,10.5539/ijb.v1n1p81,"Manaf, L. A., M. L. C. Jusoh, M. K. Yusoff, T. H. T. Ismail, R. Harun, and H. Juahir. 2009. Influences of Bedding Material in Vermicomposting Process. International JOurnal of Biology 1:81-91."
Mccredie_1992_bfs_p285-289,Mccredie,1992,bfs,p285-289,10.1007/bf00336045,"McCredie, T. A., C. A. Parker, and I. Abbott. 1992. Population dynamics of the earthworm Aporrectodea trapezoides (Annelida: Lumbricidae) in a Western Australian pasture soil. Biology and Fertility of Soils 12:285-289."
Michon_1954_PhD_p192,Michon,1954,PhD,p192,na,"Michon, J. 1954. Contribution expérimentale à l'étude de la Biologie des Lumbricidae. Les variations pondérales au cours des différentes modalités du développement postembryonnaire. Faculté des sciences de Poitiers, Poitiers."
Monroy_2007_crass_p389-391,Monroy,2007,crass,p389-391,10.1016/j.crvi.2007.03.016,"Monroy, F., M. Aira, J. A. Gago, and J. Dominguez. 2007. Life cycle of the earthworm Octodrilus complanatus (Oligochaeta, Lumbricidae). Comptes Rendus Biologies 330:389-391."
Mulder_2007_age_p229-231,Mulder,2007,age,p229-231,10.1007/s11357-007-9037-9,"Mulder, C., R. Baerselman, and L. Posthuma. 2007. Empirical maximum lifespan of earthworms is twice that of mice. AGE 29:229-231."
Munoz.Pedreros_1997_rchn_p101-108,Munoz.Pedreros,1997,rchn,p101-108,na,"Muñoz-Pedreros, A., E. Ruiz, C. Poblete, and M. Santelices. 1997. Aspectos de la biología reproductiva de lumbrícidos silvestres (O ligochaeta: Lumbricidae) en el sur de Chile. Revista Chilena de Historia Natural 70:101-108."
Muthukaruppan_2005_jss_p82-86,Muthukaruppan,2005,jss,p82-86,10.1065/jss2004.09.111,"Muthukaruppan, G., S. Janardhanan, and G. Vijayalakshmi. 2005. Sublethal Toxicity of the Herbicide Butachlor on the Earthworm Perionyx sansibaricus and its Histological Changes (5 pp). Journal of Soils and Sediments 5:82-86."
Muyima_1994_sbb_p973-976,Muyima,1994,sbb,p973-976,10.1016/0038-0717(94)90111-2,"Muyima, N. Y. O., A. J. Reinecke, and S. A. Viljoen-Reinecke. 1994. Moisture requirements of Dendrobaena veneta (oligochaeta), a candidate for vermicomposting. Soil Biology & Biochemistry 26:973-976."
Nair_1998_jae_p459-466,Nair,1998,jae,p459-466,10.1006/jare.1998.0441,"Nair, G. A. and S. A. Bennour. 1998. Cocoons and hatchlings of Aporrectodea caliginosa (Savigny 1826) (Oligochaeta: Lumbricidae) in Benghazi, Libya. Journal of Arid Environments 40:459-466."
Nakumura_1985_eda_p31-33,Nakumura,1985,eda,p31-33,na,"Nakamura, Y. 1985. Growth of three species of earthworms (Lumbricidae) in laboratory cultures. Edaphologia 34:31-33."
Nath_2014_te_p305-312,Nath,2014,te,p305-312,na,"Nath, S. and P. S. Chaudhuri. 2014. Growth and reproduction of Pontoscolex corethrurus (Muller) with different experimental diets. Tropical Ecology 55:305-312."
Neuhauser_1979_rebs_p252-534,Neuhauser,1979,rebs,p252-534,na,"Neuhauser, E. F., D. L. Kaplan, and R. Hartenstein. 1979. Life history of the earthworm Eudrilus eugeniae. Revue d'écologie et de biologie du sol 16:525-534."
Neuhauser_1980_oik_p93-98,Neuhauser,1980,oik,p93-98,10.2307/3544730,"Neuhauser, E. F., R. Hartenstein, and D. L. Kaplan. 1980. Growth of the earthworm Eisenia foetida in relation to population density and food rationing Oikos 35:93-98."
Neuhauser_1984_sbb_p521-523,Neuhauser,1984,sbb,p521-523,10.1016/0038-0717(84)90062-2,"Neuhauser, E. F., J. A. Meyer, M. R. Malecki, and J. M. Thomas. 1984. Dietary cobalt supplements and the growth and reproduction of the earthworm Eisenia foetida. Soil Biology & Biochemistry 16:521-523."
Neuhauser_1988_in_ewem_p9-20,Neuhauser,1988,in_ewem,p9-20,na,"Neuhauser, E. F., R. Loehr, and M. R. Malecki. 1988. The potential of earthworms for managing sewage sludge. Pages 9-20 in C. A. Edwards, editor. Earthworms in waste and environmental management. SPB Academic Publishing, The Hague, The Netherlands."
Neuhauser_1990_sbb_p175-179,Neuhauser,1990,sbb,p175-179,10.1016/0038-0717(90)90083-c,"Neuhauser, E. F. and C. A. Callahan. 1990. Growth and reproduction of the earthworm Eisenia fetida exposed to sublethal concentrations of organic chemicals. Soil Biology & Biochemistry 22:175-179."
Ortiz.Ceballos_2005_pedo_p89-98,Ortiz.Ceballos,2005,pedo,p89-98,10.1016/j.pedobi.2004.08.006,"Ortiz-Ceballos, A. I., C. Fragoso, M. Equihua, and G. G. Brown. 2005. Influence of food quality, soil moisture and the earthworm Pontoscolex corethrurus on growth and reproduction of the tropical earthworm Balanteodrilus pearsei. Pedobiologia 49:89-98."
Padhan_2010_ijrras_p76-85,Padhan,2010,ijrras,p76-85,na,"Padhan, A. and S. K. Sahu. 2010. Effect of rice mill wastewater on growth, reproduction and metabolism of Drawida willsi (oligochaeta) under laboratory conditions. International Journal of Research and Revies in Applied Sciences 5:76-85."
Panda_1999_sbb_p363-366,Panda,1999,sbb,p363-366,10.1016/s0038-0717(98)00135-7,"Panda, S. and S. K. Sahu. 1999. Effects of malathion on the growth and reproduction of Drawida willsi (Oligochaeta) under laboratory conditions. Soil Biology & Biochemistry 31:363-366."
Parthasarathi_2007_jeb_p803-812,Parthasarathi,2007,jeb,p803-812,na,"Parthasarathi, K. 2007. Life cycle of Lampito mauritii (Kinberg) in comparison with Eudrilus eugeniae (Kinberg) cultured on different substrates. Journal of Environmental Biology 28:803-812."
Persson_2007_in_bdefo_p34,Persson,2007,in_bdefo,p34,na,"Perrson, T., L. Lenoir, and A. Taylor. 2007. Bioturbation in different ecosystems at Forsmark and Oskarshamn. Swedish Unversity of Agricultural Sciences."
Phillipson_1977_pedo_p70-82,Phillipson,1977,pedo,p70-82,na,"Phillipson, J. and P. J. Bolton. 1977. Growth and cocoon production by Allolobophora rosea (Oligochaeta: Lumbricidae). Pedobiologia 17:70-82."
Presley_1996_cbp_p319-326,Presley,1996,cbp,p319-326,10.1016/0300-9629(96)00017-5,"Presley, M. L., T. C. McElroy, and W. J. Diehl. 1996. Soil moisture and temperature interact to affect growth, survivorship, fecundity, and fitness in the earthworm Eisenia fetida. Comparative Biochemistry and Physiology Part A: Physiology 114:319-326."
Reeh_1992_sbb_p1327-1331,Reeh,1992,sbb,p1327-1331,10.1016/0038-0717(92)90113-c,"Reeh, U. 1992. Influence of population densities on growth and reproduction of the earthworm Eisenia andrei on pig manure. Soil Biology & Biochemistry 24:1327-1331."
Reinecke_1985_rebs_p473-481,Reinecke,1985,rebs,p473-481,na,"Reinecke, A. J. and J. M. Venter. 1985. The influence of moisture on the growth and reproduction of the compost worm Eisenia fetida (Oligochaeta). Revue d'écologie et de biologie du sol 22:473-481."
Reinecke_1987_bfs_p135-141,Reinecke,1987,bfs,p135-141,10.1007/bf00260595,"Reinecke, A. J. and J. M. Venter. 1987. Moisture preferences, growth and reproduction of the compost worm Eisenia fetida (Oligochaeta). Biology and Fertility of Soils 3:135-141."
Reinecke_1989_bfs_p303-306,Reinecke,1989,bfs,p303-306,10.1007/BF00263159,"Reinecke, A. J. and L. Hallatt. 1989. Growth and cocoon production of Perionyx excavatus (Oligochaeta). Biology and Fertility of Soils 8:303-306."
Reinecke_1990_bfs_p184-187,Reinecke,1990,bfs,p184-187,10.1007/BF00336133,"Reinecke, A. J. and S. A. Viljoen. 1990. The influence of feeding patterns on growth and reproduction of the vermicomposting earthworm Eisenia fetida (Oligochaeta). Biology and Fertility of Soils 10:184-187."
Reinecke_1991_bfs_p295-300,Reinecke,1991,bfs,p295-300,10.1007/BF00335851,"Reinecke, A. J. and S. A. Viljoen. 1991. A comparison of the biology of Eisenia fetida and Eisenia andrei (Oligochaeta). Biology and Fertility of Soils 11:295-300."
Reinecke_1992_sbb_p1295-1307,Reinecke,1992,sbb,p1295-1307,10.1016/0038-0717(92)90109-b,"Reinecke, A. J., S. A. Viljoen, and R. J. Saayman. 1992. The suitability of Eudrilus eugeniae, perionyx excavatus and Eisenia fetida (Oligochaeta) for vermicomposting in southern africa in terms of their temperature requirements. Soil Biology and Biochemistry 24:1295-1307."
Reinecke_1994_ejsb_p29-33,Reinecke,1994,ejsb,p29-33,na,"Reinecke, A. J. and S. A. Reinecke. 1994. Influence of worm density on growth and cocoon production of the asiatic earthworm Perionyx excavatus (Oligochaeta, Megascolecidae). European Journal of Soil Biology 30:29-33."
Reinecke_1996_pedo_p439-448,Reinecke,1996,pedo,p439-448,na,"Reinecke, A. J. and S. A. Reinecke. 1996. The influence of heavy metals on the growth and reproduction of the compost worm Eisenia fetida (Oligochaeta). Pedobiologia 40:439-448."
Roobak.Kumar_2011_jbr_p30-34,Roobak.Kumar,2011,jbr,p30-34,na,"Roobak Kumar, A., K. Perumalsamy, C. Sundaravadivelan, and L. Isaiarasu 2011. Comparative Biology and composting ability of three Earthworm species. Journal of Biosciences Research 2:30-34."
Rozen_2006_sbb_p489-503,Rozen,2006,sbb,p489-503,10.1016/j.soilbio.2005.06.003,"Rozen, A. 2006. Effect of cadmium on life-history parameters in Dendrobaena octaedra (Lumbricidae: Oligochaeta) populations originating from forests differently polluted with heavy metals. Soil Biology & Biochemistry 38:489-503."
Shagoti_2001_jeb_p213-217,Shagoti,2001,jeb,p213-217,na,"Shagoti, U. M., S. D. Amoji, V. A. Biradar, and P. M. Biradar. 2001. Effect of temperature on growth and reproduction of the epigeic earthworm, Eudrilus eugeniae (Kinberg). Journal of Environmental Biology 22:213-217."
Siddique_2005_pjz_p211-214,Siddique,2005,pjz,p211-214,na,"Siddique, J., A. Amir Khan, I. Hussain, and S. Akhter. 2005. Growth and Reproduction of Earthworm (Eisenia fetida) in Different Organic Media. Pakistan Journal of Zoology 37:211-214."
Springett_1992_sbb_p1739-1744,Springett,1992,sbb,p1739-1744,10.1016/0038-0717(92)90180-6,"Springett, J. A. and J. A. Gray. 1992. Effect of repeated low doses of biocides on the earthworm Aporrectodea caliginosa in laboratory culture. Soil Biology & Biochemistry 24:1739-1744."
Spurgeon_1996_ees_p86-95,Spurgeon,1996,ees,p86-95,10.1006/eesa.1996.0085,"Spurgeon, D. J. and S. P. Hopkin. 1996. Effects of Metal-Contaminated Soils on the Growth, exual Development, and Early Cocoon Production of the Earthworm Eisenia fetida, with Particular Reference to Zinc. Ecotoxicology and Environmental Safety 35:86-95."
Spurgeon_1999_ecot_p133-141,Spurgeon,1999,ecot,p133-141,10.1023/a:1008970803731,"Spurgeon, D. J. and S. P. Hopkin. 1999. Life-history patterns in reference and metal-exposed earthworm populations. Ecotoxicology 8:133-141."
Spurgeon_2004_ees_p54-64,Spurgeon,2004,ees,p54-64,10.1016/j.ecoenv.2003.08.003,"Spurgeon, D. J., C. Svendsen, P. Kille, A. J. Morgan, and J. M. Weeks. 2004. Responses of earthworms (Lumbricus rubellus) to copper and cadmium as determined by measurement of juvenile traits in a specifically designed test system. Ecotoxicology and Environmental Safety 57:54-64."
Suthar_2009_envir_p78-84,Suthar,2009,envir,p78-84,10.1016/j.biortech.2009.07.004,"Suthar, S. 2009. Growth and fecundity of earthworms: Perionyx excavatus and Perionyx sansibaricus in cattle waste solids. Environmentalist 29:78-84."
Suthar_2011_ee_p644-647,Suthar,2011,ee,p644-647,10.1016/j.ecoleng.2010.11.005,"Suthar, S. 2011. Production of earthworm Allolobophora parva (Eisen) in cattle dung. Ecological Engineering 37:644-647."
Svendsen_2002_ajar_p447-451,Svendsen,2002,ajar,p447-451,na,"Svendsen, T. S. and G. H. Baker. 2002. Survival and growth of Aporrectodea longa (Lumbricidae) fed on sheep and cow dung with and without moxidectin residues. Australian Journal of Agricultural Research 53:447-451."
Tondoh_1997_ejsb_p13-18,Tondoh,1997,ejsb,p13-18,na,"Tondoh, E. J. and P. Lavelle. 1997. Effect of two organic residues on growth and cocoon production of the earthworm Hyperiodrilus africanus (Eudrilidae). European Journal of Soil Biology 33:13-18."
Tondoh_1998_bfs_p336-340,Tondoh,1998,bfs,p336-340,10.1007/s003740050385_,"Tondoh, E. J. 1998. Effect of coffee residues on growth and reproduction of Hyperiodrilus africanus (Oligochaeta, Eudrilidae) in Ivory Coast. Biology and Fertility of Soils 26:336-340."
Tripathi_2004_bt_p275-283,Tripathi,2004,bt,p275-283,10.1016/j.biortech.2003.09.005,"Tripathi, G. and P. Bhardwaj. 2004. Comparative studies on biomass production, life cycles and composting efficiency of Eisenia fetida (Savigny) and Lampito mauritii (Kinberg). Bioresource Technology 92:275-283."
Tsukamoto_1977_pedo_p338-342,Tsukamoto,1977,pedo,p338-342,na,"Tsukamoto, J. and H. Watanabe. 1977. Influence of temperature on hatchling and growth of Eisenia foetida (Oligochaeta, Lumbricidae). Pedobiologia 17:338-342."
Valle_1998_ase_p111-114,Valle,1998,ase,p111-114,10.1016/s0929-1393(98)00064-x,"Valle, J. V., R. P. Moro, M. H. Garvin, and D. J. D. Cozin. 1998. Growth in the laboratory of Hormogaster elisae (Oligochaeta, Hormogastridae). Applied Soil Ecology 9:111-114."
Van.Gestel_1991_bfs_p117-121,Van.Gestel,1991,bfs,p117-121,10.1007/bf00341486,"van Gestel, C. A. M., W. A. van Dis, E. M. Dirven-van Breemen, P. M. Sparenburg, and R. Baerselman. 1991. Influence of cadmium, copper, and pentachlorophenol on growth and sexual development of Eisenia andrei (Oligochaeta; Annelida). Biology and Fertility of Soils 12:117:121."
Venter_1985_bect_p652-659,Venter,1985,bect,p652-659,10.1007/bf01636569,"Venter, J. M. and A. J. Reinecke. 1985. Dieldrin and growth and development of the earthworm, Eisenia fetida (Oligochaeta). Bulletin of Environmental Contamination and Toxicology 35:652-659."
Venter_1988_in_ewem_p337-353,Venter,1988,in_ewem,p337-353,na,"Venter, J. M. and A. J. Reinecke. 1988. Sublethal ecotixocological effects of dieldrin on the earthworm Eisenia foetida (Oligochaeta). Pages 337-353 in C. A. Edwards, editor. Earthworms in waste and environmental management. SPB Academic Publishing, The Hague, The Netherlands."
Venter_1988_sajz_p161-165,Venter,1988,sajz,p161-165,10.1080/02541858.1988.11448096,"Venter, J. M. and A. J. Reinecke. 1988. The life-cycle of the compost worm Eisenia fetida (Oligochaeta). South African Journal of Zoology 23:161-165."
Vercesi_2006_ase_p180-187,Vercesi,2006,ase,p180-187,10.1016/j.apsoil.2005.07.002,"Vercesi, M. L., P. H. Krogh, and M. Holmstrup. 2006. Can Bacillus thuringiensis (Bt) corn residues and Bt-corn plants affect life-history traits in the earthworm Aporrectodea caliginosa? Applied Soil Ecology 32:180-187."
Vermeulen_2001_ees_p183-189,Vermeulen,2001,ees,p183-189,10.1006/eesa.2000.2008,"Vermeulen, L. A., A. J. Reinecke, and S. A. Reinecke. 2001. Evaluation of the Fungicide Manganese-Zinc Ethylene Bis(dithiocarbamate) (Mancozeb) for Sublethal and Acute Toxicity to Eisenia fetida (Oligochaeta). Ecotoxicology and Environmental Safety 48:183-189."
Viljoen_1988_rebs_p225-236,Viljoen,1988,rebs,p225-236,na,"Viljoen, S. A. and A. J. Reinecke. 1988. The number, size and growth of hatchlings of the African nightcrawler, Eudrilus eugeniae (Oligochaeta). Revue d'écologie et de biologie du sol 25:225-236."
Viljoen_1989_rebs_p291-303,Viljoen,1989,rebs,p291-303,na,"Viljoen, S. A. and A. J. Reinecke. 1989. Moisture and growth, maturation and cocoon production of Eudrilus eugeniae (Oligochaeta). Revue d'écologie et de biologie du sol 26:291-303."
Viljoen_1989_sajz_p27-32,Viljoen,1989,sajz,p27-32,na,"Viljoen, S. A. and A. J. Reinecke. 1989. Life-cycle of the African nightcrawler, Eudrilus eugeniae (Oligochaeta). South African Journal of Zoology 24:27-32."
Viljoen_1992_sbb_p1341-1344,Viljoen,1992,sbb,p1341-1344,10.1016/0038-0717(92)90115-e,"Viljoen, S. A., A. J. Reinecke, and L. Hartman. 1992. The influence of temperature on the life-cycle of Dendrobaena veneta (Oligochaeta). Soil Biology & Biochemistry 24:1341-1344."
Viljoen_1992_sbb_p1345-1350,Viljoen,1992,sbb,p1345-1350,10.1016/0038-0717(92)90116-f,"Viljoen, S. A. and A. J. Reinecke. 1992. The temperature requirements of the epigeic earthworm species Eudrilus eugeniae (oligochaeta) — a laboratory study. Soil Biology and Biochemistry 24:1345-1350."
Vorsters_1997_trop_p89-90,Vorsters,1997,trop,p89-90,na,"Vorsters, A., F. Demey, and J. Hardouin. 1997. Influence of Worm Density on the Growth f Eudrilus eugeniae. Tropicultura 15:89-90."
West_2003_pedo_p535-541,West,2003,pedo,p535-541,10.1078/0031-4056-00225,"West, H. K., A. J. Morgan, D. W. Bowker, M. S. Davies, and R. J. Herbert. 2003. Evidence for interpopulation differences in life history parameters of Lumbricus rubellus. Pedobiologia 47:535-541."
Widarto_2004_ees_p147-159,Widarto,2004,ees,p147-159,10.1016/j.ecoenv.2004.03.006,"Widarto, T. H., M. Holmstrup, and V. E. Forbes. 2004. The influence of nonylphenol on life-history of the earthworm Dendrobaena octaedra Savigny: linking effects from the individual- to the population-level. Ecotoxicology and Environmental Safety 58:147-159."
Satchell_1967_in_soil.biology_p259-322,Satchell,1967,in_soil.biology,p259-322,10.1016/B978-0-12-395699-6.50013-4,"Satchell, J. E. 1967. Chapter 9 - Lumbricidae A2 - BURGES, A. Pages 259-322 in F. Raw, editor. Soil Biology. Academic Press."
Hartenstein_1982_mega_p185-187,Hartenstein,1982,mega,p185-187,na,"Hartenstein, R., E. F. Neuhauser, and E. G. Easton. 1982. Growth and fecundity of F2 Eisenia foetida derived from F1S, both reared in isolation from birth. Megadrilogica 3:185-187."
Suthar_2008_ijewm_p584-600,Suthar,2008,ijewm,p584-600,10.1504/ijewm.2008.021862,"Suthar, S. and S. Ram. 2008. Does substrate quality affect earthworm growth and reproduction patterns in vermicomposting systems? A study using three popular composting earthworms International Journal of Environment and Waste Management 2:584-600."
Arunachalam_1978_jbnhs_p110-114,Arunachalam,1978,jbnhs,p110-114,na,"Arunachalam, S. 1978. Some aspects of the biology of a tropical earthworm Pontoscolex corethrurus (O.F. Müller). The journal of the Bombay Natural History Society 75:110-114."
Lakhani_1970_jae_p473-492,Lakhani,1970,jae,p473-492,10.2307/2983,"Lakhani, K. H. and J. E. Satchell. 1970. Production by Lumbricus terrestris (L.). Journal of Animal Ecology 39:473-492."
Tiunov_2004_oeco_p83-90,Tiunov,2004,oeco,p83-90,10.1007/s00442-003-1391-4,"Tiunov, A. V. and S. Scheu. 2004. Carbon availability controls the growth of detritivores (Lumbricidae) and their effect on nitrogen mineralization. Oecologia 138:83-90."
Valle_na_unpublished_na,Valle,na,unpublished,na,na,"Valle, J. V., R. P. Moro, M. H. Garvin, D. Trigo, and D. J. Diaz Cosin. na. Annual Study of a Population of Hormogaster elisae (Oligochaeta, Hormogasteridae). na."
Reinecke_1997_sajz_p72-75,Reinecke,1997,sajz,p72-75,10.1080/02541858.1997.11448433,"Reinecke, A. J., M. S. Maboeta, and S. A. Reinecke. 1997. Stimulating effects of low lead concentrations on growth and cocoon production of Eisenia fetida (Oligochaeta). South African Journal of Zoology 32:72-75."
Neuhauser_1980_aw_p43-60,Neuhauser,1980,aw,p43-60,na,"Neuhauser, E. F., D. L. Kaplan, M. R. Malecki, and R. Hartenstein. 1980. Materials supporting weight gain by the earthworm Eisenia foetida in waste conversion systems. Agricultural Wastes 2:43-60."
Viljoen_1991_sajz_p43-48,Viljoen,1991,sajz,p43-48,10.1080/02541858.1991.11448229,"Viljoen, S. A., A. J. Reinecke, and L. Hartman. 1991. Life-cycle of the European compost worm Dendrobaena veneta (Oligochaeta). South African Journal of Zoology 26:43-48."
